model_id	cell_type	model	peaks
GM12878_ATAC_fold0	GM12878	gs://YOUR_BUCKET/GM12878_ATAC/models/fold_0/chrombpnet_nobias.h5	gs://YOUR_BUCKET/GM12878_ATAC/peaks/GM12878_ATAC.narrowPeak
GM12878_ATAC_fold1	GM12878	gs://YOUR_BUCKET/GM12878_ATAC/models/fold_1/chrombpnet_nobias.h5	gs://YOUR_BUCKET/GM12878_ATAC/peaks/GM12878_ATAC.narrowPeak
GM12878_ATAC_fold2	GM12878	gs://YOUR_BUCKET/GM12878_ATAC/models/fold_2/chrombpnet_nobias.h5	gs://YOUR_BUCKET/GM12878_ATAC/peaks/GM12878_ATAC.narrowPeak
GM12878_ATAC_fold3	GM12878	gs://YOUR_BUCKET/GM12878_ATAC/models/fold_3/chrombpnet_nobias.h5	gs://YOUR_BUCKET/GM12878_ATAC/peaks/GM12878_ATAC.narrowPeak
GM12878_ATAC_fold4	GM12878	gs://YOUR_BUCKET/GM12878_ATAC/models/fold_4/chrombpnet_nobias.h5	gs://YOUR_BUCKET/GM12878_ATAC/peaks/GM12878_ATAC.narrowPeak
TenK10K_ATAC_CD4_Naive_fold0	CD4_Naive	gs://YOUR_BUCKET/TenK10K_ATAC/models/CD4_Naive/fold_0/chrombpnet_nobias.h5	gs://YOUR_BUCKET/TenK10K_ATAC/peaks/CD4_Naive.narrowPeak
TenK10K_ATAC_CD4_Naive_fold1	CD4_Naive	gs://YOUR_BUCKET/TenK10K_ATAC/models/CD4_Naive/fold_1/chrombpnet_nobias.h5	gs://YOUR_BUCKET/TenK10K_ATAC/peaks/CD4_Naive.narrowPeak
TenK10K_ATAC_CD4_Naive_fold2	CD4_Naive	gs://YOUR_BUCKET/TenK10K_ATAC/models/CD4_Naive/fold_2/chrombpnet_nobias.h5	gs://YOUR_BUCKET/TenK10K_ATAC/peaks/CD4_Naive.narrowPeak
TenK10K_ATAC_CD4_Naive_fold3	CD4_Naive	gs://YOUR_BUCKET/TenK10K_ATAC/models/CD4_Naive/fold_3/chrombpnet_nobias.h5	gs://YOUR_BUCKET/TenK10K_ATAC/peaks/CD4_Naive.narrowPeak
TenK10K_ATAC_CD4_Naive_fold4	CD4_Naive	gs://YOUR_BUCKET/TenK10K_ATAC/models/CD4_Naive/fold_4/chrombpnet_nobias.h5	gs://YOUR_BUCKET/TenK10K_ATAC/peaks/CD4_Naive.narrowPeak
